<?xml version="1.0" encoding="UTF-8"?>
<oplus-config>
	<oplus-feature name="oplus.software.vibrator.screenshot_wave_support"/>
	<oplus-feature name="oplus.software.vibrator.kill_program_wave_support"/>
	<oplus-feature name="oplus.software.radio.ims_rtp_redun_support"/>
	<oplus-feature name="oplus.software.radio.concert_detect_service"/>
	<oplus-feature name="oplus.software.radio.nwpower_amc_oossearch"/>
	<oplus-feature name="oplus.software.radio.nwpower_amc_lowmpss_recovery"/>
	<oplus-feature name="oplus.software.radio.nwpower_amc_airplanemode"/>
	<oplus-feature name="oplus.software.radio.smart5g_Low_Power_control"/>
	<oplus-feature name="oplus.software.radio.nwpower_bg_app_net_control_switch_enable"/>
	<oplus-feature name="oplus.software.radio.nwpower_sys_net_control_switch_enable"/>
	<oplus-feature name="oplus.software.radio.nwpower_supprese_signal_report_enable"/>
	<oplus-feature name="oplus.software.radio.smart5g_thermal_nr_deprio"/>
	<oplus-feature name="oplus.software.radio.comm_scene_switch_enable"/>
	<oplus-feature name="oplus.software.radio.nwpower_network_disable_white_list"/>
	<oplus-feature name="oplus.software.radio.nwpower_linkpower"/>
	<oplus-feature name="oplus.software.radio.nwpower_proc_net_control_switch_enable"/>
	<oplus-feature name="oplus.software.radio.smart5g_speed_control"/>
	<oplus-feature name="oplus.software.radio.nwpower_amc"/>
	<oplus-feature name="oplus.software.radio.nwpower_app_network_monitor_switch_enable"/>
	<oplus-feature name="oplus.software.radio.smart5g_sa_enabled"/>
	<oplus-feature name="oplus.software.radio.nwpower_amc_mdwakeup_control"/>
	<oplus-feature name="oplus.software.radio.sido_intelligent_recovery"/>
	<oplus-feature name="oplus.software.radio.sido_airplane_mode_low_power_opt_v2"/>
	<oplus-feature name="oplus.software.radio.pcdr_nr_intra_rat_ping_pong_opt"/>
	<oplus-feature name="oplus.software.radio.support_r16"/>
	<oplus-feature name="oplus.software.radio.ignore_stk_display_text"/>
	<oplus-feature name="oplus.software.radio.sido_fence"/>
	<oplus-feature name="oplus.software.radio.sido_lte_fast_return_to_nr_opt"/>
	<oplus-feature name="oplus.software.radio.use_customized_thresholds"/>
	<oplus-feature name="oplus.software.radio.sido_lte_nr_pingpong_mitigation"/>
	<oplus-feature name="oplus.software.radio.nr_always_sa_pre"/>
	<oplus-feature name="oplus.software.radio.nsa_signal_optim"/>
	<oplus-feature name="oplus.software.radio.nr_nrca_rus_control"/>
	<oplus-feature name="oplus.software.radio.enable_sido_rollback"/>
	<oplus-feature name="oplus.software.radio.sido_ss_update_abnormal_opt"/>
	<oplus-feature name="oplus.software.radio.sido_stamp_db"/>
	<oplus-feature name="oplus.software.radio.sim_overdue_opt"/>
	<oplus-feature name="oplus.software.radio.pcdr_high_speed_move_fast_search_opt"/>
	<oplus-feature name="oplus.software.radio.pcdr_portrait"/>
	<oplus-feature name="oplus.software.radio.pcdr_lte_intra_rat_ping_pong_opt"/>
	<oplus-feature name="oplus.software.radio.enable_ct_network_scan"/>
	<oplus-feature name="oplus.software.radio.networkless_support"/>
	<oplus-feature name="oplus.software.radio.engnw_sts_interface_support"/>
	<oplus-feature name="oplus.software.radio.vendor_diag"/>
	<oplus-feature name="oplus.software.radio.cybersense_residence_enabled"/>
	<oplus-feature name="oplus.software.radio.dual_ps"/>
	<oplus-feature name="oplus.software.radio.aol_scene_to_modem"/>
	<oplus-feature name="oplus.software.radio.subsystem_camera_service"/>
	<oplus-feature name="oplus.software.radio.air_interface_detect_support"/>
	<oplus-feature name="oplus.software.radio.coex_opt"/>
	<oplus-feature name="oplus.software.radio.rf_power_boost"/>
	<oplus-feature name="oplus.software.radio.support_vonr_plus"/>
	<oplus-feature name="oplus.software.radio.cybersense_travel_enabled"/>
	<oplus-feature name="oplus.software.radio.link_evaluation"/>
	<oplus-feature name="oplus.software.radio.multi_task_multi_link_schedule"/>
	<oplus-feature name="oplus.software.radio.ul_priority_policy_stream"/>
	<oplus-feature name="oplus.software.radio.smart_game_qoe_recovery"/>
	<oplus-feature name="oplus.software.radio.game_err"/>
	<oplus-feature name="oplus.software.radio.stream_identify"/>
	<oplus-feature name="oplus.software.radio.data_link_game"/>
	<oplus-feature name="oplus.software.radio.car_sharing_network"/>
	<oplus-feature name="oplus.software.radio.data_limit"/>
	<oplus-feature name="oplus.software.radio.sa_data_recovery_enabled"/>
	<oplus-feature name="oplus.software.radio.qr_recovery"/>
	<oplus-feature name="oplus.software.radio.data_fast_recovery"/>
	<oplus-feature name="oplus.software.radio.cybersense_flight_enabled"/>
	<oplus-feature name="oplus.software.radio.ul_priority_policy_game_optimize"/>
	<oplus-feature name="oplus.software.radio.qoe_game_cell_suggest"/>
	<oplus-feature name="oplus.software.radio.sched_ppq"/>
	<oplus-feature name="oplus.software.radio.qoe_collaborative_center"/>
	<oplus-feature name="oplus.software.radio.pcdr_lte_fast_return_to_nr_accurate_meas_recovery_opt"/>
	<oplus-feature name="oplus.software.radio.nr_bwp_rus_control"/>
	<oplus-feature name="oplus.software.radio.disable_5g_nr_5gdump"/>
	<oplus-feature name="oplus.software.radio.sido_mmr_reg_req_stuck_opt"/>
	<oplus-feature name="oplus.software.radio.sido_sim_tag_opt"/>
	<oplus-feature name="oplus.software.radio.sido_airplane_mode_low_power_opt"/>
	<oplus-feature name="oplus.software.radio.china_roaming"/>
	<oplus-feature name="oplus.software.radio.sido_elevator"/>
	<oplus-feature name="oplus.software.radio.sido_lte_srv_poor_signal_ngbr_strong_opt"/>
	<oplus-feature name="oplus.software.radio.sido_gw_lte_pingpong_lte_poor_signal_opt"/>
	<oplus-feature name="oplus.software.radio.sido_dual_sim_coop_no_service_opt"/>
	<oplus-feature name="oplus.software.radio.sido_inter_cell_coop_lte_rej_15_opt"/>
	<oplus-feature name="oplus.software.radio.sido_inter_cell_coop_dual_cell_strong_sig_opt"/>
	<oplus-feature name="oplus.software.radio.sido_rat_enhance_lte_backoff_opt"/>
	<oplus-feature name="oplus.software.radio.sido_rat_enhance_nr_backoff_opt"/>
	<oplus-feature name="oplus.software.radio.signal_recovery_enabled"/>
	<oplus-feature name="oplus.software.radio.sido_dual_sim_coop_no4g_no5g_opt"/>
	<oplus-feature name="oplus.software.radio.support_5g"/>
	<oplus-feature name="oplus.software.radio.support_dual_nr"/>
	<oplus-feature name="oplus.software.radio.enable_weak_signal_backoff"/>
	<oplus-feature name="oplus.software.radio.sido_nr_icon_pingpong_opt"/>
	<oplus-feature name="oplus.software.radio.sido_screen_on_no_service_opt"/>
	<oplus-feature name="oplus.software.radio.sido_screen_on_no_45g_opt"/>
	<oplus-feature name="oplus.software.radio.vowifi_city_control"/>
	<oplus-feature name="oplus.software.radio.pcdr_hangup_fast_return_enhance"/>
	<oplus-feature name="oplus.velocitytracker.strategy.support"/>
	<oplus-feature name="oplus.software.radio.dns_speed_up"/>
	<oplus-feature name="oplus.software.radio.block_nondds_pck"/>
	<oplus-feature name="oplus.software.radio.vice_card_game_mode"/>
	<oplus-feature name="oplus.software.view.spring_over_scroller"/>
	<oplus-feature name="oplus.software.radio.virtualmodem_support"/>
	<oplus-feature name="oplus.software.radio.virtualmodem_cellinfo"/>
	<oplus-feature name="oplus.software.radio.disabled_cached_uid"/>
	<oplus-feature name="oplus.software.radio.vonr_city_control"/>
	<oplus-feature name="oplus.software.radio.custom_ecclist_writable"/>
	<oplus-feature name="oplus.software.radio.vonr_switch_enabled"/>
	<oplus-feature name="oplus.software.radio.game_ims_reg"/>
	<oplus-feature name="oplus.software.radio.disable_efs_nv_dump"/>
	<oplus-feature name="oplus.software.radio.apn_recovery_for_export"/>
	<oplus-feature name="oplus.software.radio.game_accelerate"/>
	<oplus-feature name="oplus.software.radio.meeting_accelerate"/>
	<oplus-feature name="oplus.software.radio.data_concert_accelerate"/>
	<oplus-feature name="oplus.software.radio.silent_redial_supported"/>
	<oplus-feature name="oplus.software.aon_pay_qrcode_enable"/>
	<oplus-feature name="oplus.hardware.aon_enable"/>
	<oplus-feature name="oplus.software.aon_enable"/>
	<oplus-feature name="oplus.software.aon_sensorhub_enable"/>
	<oplus-feature name="oplus.software.aon_distance_detection_enable"/>
	<oplus-feature name="oplus.software.aon_pose_detection_enable"/>
	<oplus-feature name="oplus.software.aon_phone_enable"/>
	<oplus-feature name="oplus.software.aon_phone_camera_gesture_recognition"/>
	<oplus-feature name="oplus.software.aon_phone_mute"/>
	<oplus-feature name="oplus.software.radio.hyper_uplink_mode_enable"/>
	<oplus-feature name="oplus.software.radio.data_eval3"/>
	<oplus-feature name="oplus.software.radio.wifi_data_control"/>
	<oplus-feature name="oplus.software.radio.apn_recovery"/>
	<oplus-feature name="oplus.software.radio.cybersense_residence_v2_enabled"/>
	<oplus-feature name="oplus.software.radio.ul_priority_policy_one_vs_one"/>
	<oplus-feature name="oplus.software.radio.data_eval4"/>
	<oplus-feature name="oplus.software.radio.qoe_network_recovery"/>
	<oplus-feature name="oplus.software.radio.stuck_analyse"/>
	<oplus-feature name="oplus.software.radio.smart_data_eval"/>
	<oplus-feature name="oplus.software.radio.tcp_congest_control"/>
	<oplus-feature name="oplus.software.radio.qos_prediction_enabled"/>
	<oplus-feature name="oplus.software.radio.cybersense_location_enabled"/>
	<oplus-feature name="oplus.software.radio.enable_signal_map"/>
	<oplus-feature name="oplus.software.radio.subway_slow_recovery"/>
	<oplus-feature name="oplus.software.radio.smart_commu"/>
	<oplus-feature name="oplus.software.radio.ul_priority_policy_foreground"/>
	<oplus-feature name="oplus.software.radio.tcp_syn_timeout_tuning"/>
	<oplus-feature name="oplus.software.radio.power_save_dual_network_control"/>
	<oplus-feature name="oplus.software.radio.pull_wifi_cell"/>
	<oplus-feature name="oplus.software.pctelephone.support"/>
	<oplus-feature name="oplus.software.pcconnect.support"/>
	<oplus-feature name="oplus.software.speechassist.oneshot.support"/>
	<oplus-feature name="oplus.software.audio.voice_wakeup_xbxb_support"/>
	<oplus-feature name="oplus.software.audio.voice_wakeup_support"/>
	<oplus-feature name="oplus.software.radio.low_latency"/>
	<oplus-feature name="oplus.software.radio.low_latency_mode_de3"/>
	<oplus-feature name="oplus.software.radio.smart_nw_data_low_latency"/>
	<oplus-feature name="oplus.software.radio.qct_smart_data_flow"/>
	<oplus-feature name="oplus.software.shoulderkey_support"/>
	<oplus-feature name="oplus.software.radio.find_phone"/>
	<oplus-feature name="os.charge.endurance.mode.support"/>
	<oplus-feature name="oplus.software.preload.camera"/>
	<oplus-feature name="oplus.software.radio.wifi_force_rel_dual_data"/>
	<oplus-feature name="oplus.software.support_quick_launchapp"/>
	<oplus-feature name="oplus.software.support_blockable_animation"/>
	<oplus-feature name="oplus.software.radio.nwpower_amc_mediastreamcontrol"/>
	<oplus-feature name="oplus.software.joystick.game_joystick_support"/>
	<oplus-feature name="oplus.software.lockscreen.enable.standard_refresh_rate"/>
	<oplus-feature name="oplus.software.display.adfr_v32_lp"/>
	<oplus-feature name="oplus.hardware.display.full_brightness_DC"/>
	<oplus-feature name="oplus.software.display.camera.brighten"/>
	<oplus-feature name="oplus.software.radio.pcdr_border_pre_search"/>
	<oplus-feature name="oplus.software.radio.enable_cmcc_nitz"/>
	<oplus-feature name="oplus.hardware.display.no_bright_eyes_low_freq_strobe"/>
	<oplus-feature name="oplus.software.directservice.finger_flashnotes_enable"/>
	<oplus-feature name="oplus.software.radio.oplus_dns_proxyd"/>
	<oplus-feature name="oplus.software.radio.network_vip_task"/>
	<oplus-feature name="oplus.software.osense.compress.enable"/>
	<oplus-feature name="oplus.software.radio.wifi_restrict_uid_cellular"/>
	<oplus-feature name="oplus.software.radio.pcdr_roam_sim_nl_reg_fail_recovery"/>
# 适配性代码(302)
	<oplus-feature name="oplus.software.systemui.navbar_pick_color"/>
	<oplus-feature name="oplus.software.string_gc_support"/>
	<oplus-feature name="oplus.software.display.1.5k_resolution_switch_support"/>
# AI护眼
	<oplus-feature name="com.oplus.eyeprotect.ai_intelligent_eye_protect_support" />
# 卫星网络
	<oplus-feature name="oplus.software.radio.tt_satellite_support"/>
	<oplus-feature name="oplus.software.radio.satellite_aging" />
# 游戏加速
    <oplus-feature name="oplus.software.radio.smart_game_qoe_recovery"/>
# Hyper模式性能引擎
	<oplus-feature name="oplus.software.gamehyper"/>
# 触摸优化
	<oplus-feature name="oplus.software.enable_touch_preload"/>
# 独立游戏助手色彩按钮
	<oplus-feature name="oplus.software.display.game_color_enhance_1.0"/>
# 护眼提醒
	<oplus-feature name="oplus.software.display.ai_eyeprotect_v1_support"/>
# 无障碍屏幕白点减少
    <oplus-feature name="oplus.software.display.reduce_white_point"/>
# 原神肩键
    <oplus-feature name="oplus.software.shoulderkey_support"/>
# 屏幕最小亮度拓展
    <oplus-feature name="oplus.software.display.lux_small_debounce_expand_support"/>
# 低亮度屏闪
    <oplus-feature name="oplus.hardware.display.no_bright_eyes_low_freq_strobe"/>
# 游戏助手ifs画面
    <oplus-feature name="oplus.software.display.game.ifs_enable"/>
# 视频音量增强
    <oplus-feature name="oplus.video.audio.volume.enhancement" />
# 侧边栏视频助手
    <oplus-feature name="oplus.software.smart_sidebar_video_assistant"/>
# 散热风扇
    <oplus-feature name="oplus.misc.fan.support"/>
# 小横条拾取颜色优化
    <oplus-feature name="oplus.software.systemui.navbar_pick_color"/>
# 直播场景加速
    <oplus-feature name="oplus.software.radio.livebroadcast_accelerate"/>
# 录音支持声音焦点
    <oplus-feature name="oplus.software.audio.record.sound_focus_support"/>
# 低Lux下，去晃动拓展支持（Lux勒克斯，一种照度单位）
    <oplus-feature name="oplus.software.display.lux_small_debounce_expand_support"/>
# 前台预加载
    <oplus-feature name="oplus.softwore.top.preload"/>
# GCString 支持
    <oplus-feature name="oplus.software.string_gc_support"/>
</oplus-config>
<!-- Timestamp 2025-03-27T11:26:22 #642393 -->
