<?xml version="1.0" encoding="UTF-8"?>
<extend_features>
	<app_feature name="com.oplus.battery.whitelist_vowifi" args="boolean:true"/>
	<app_feature name="oplus_skip_remove_recent_task">
		<StringList args="com.newcall.miniappimpl.ui.MiniAppActivity0"/>
		<StringList args="com.newcall.miniappimpl.ui.MiniAppActivity1"/>
		<StringList args="com.newcall.miniappimpl.ui.MiniAppActivity2"/>
		<StringList args="com.newcall.miniappimpl.ui.MiniAppActivity3"/>
		<StringList args="com.newcall.miniappimpl.ui.MiniAppActivity4"/>
		<StringList args="com.newcall.miniappimpl.ui.MiniAppActivity5"/>
		<StringList args="com.newcall.miniappimpl.ui.MiniAppActivity6"/>
		<StringList args="com.newcall.miniappimpl.ui.MiniAppActivity7"/>
		<StringList args="com.newcall.miniappimpl.ui.MiniAppActivity8"/>
		<StringList args="com.newcall.miniappimpl.ui.MiniAppActivity9"/>
	</app_feature>
	<app_feature name="oplus_disallow_run_apps">
		<StringList args="com.cmcc.dcservice"/>
		<StringList args="com.newcall"/>
	</app_feature>
	<app_feature name="com.oplus.wallpapers.livephoto_wallpaper" args="boolean:true"/>
	<app_feature name="com.coloros.colordirectservice.cm_enable" args="boolean:true"/>
	<app_feature name="com.oplus.mediaturbo.game_live" args="boolean:true"/>
	
	<app_feature name="oplus.aod.wakebyclick.support" args="boolean:true"/>
	<app_feature name="com.oplus.mediaturbo.tencent_meeting" args="boolean:true"/>
	<app_feature name="com.android.settings.network_access_permission"/>
# 适配性代码(302)
	<app_feature name="com.oplus.battery.autostart_limit_num" args="String:8|10-16|15-24|20"/>
	<app_feature name="com.android.launcher.recent_lock_limit_num" args="String:8|10-16|15-24|20"/>
# 游戏AI 3.0	
	<app_feature name="feature.support.game.AI_PLAY_version3"/>
# 游戏4D震动模式
	<app_feature name="com.coloros.gamespace_game_support_fourd_vibration"/>
# 电话本触碰分享
	<app_feature name="com.android.incallui.share_screen_and_touch_cmd_support" args="boolean:true"/>
# AI聊天场景
	<app_feature name="com.oplus.directservice.aitoolbox_enable"/>
# 游戏助手辅助
	<app_feature name="feature.support.game.ASSIST_KEY"/>
# 区域录屏
	<app_feature name="com.oplus.screenrecorder.area_record" args="boolean:true"/>
# 直播助手
	<app_feature name="com.oplus.mediaturbo.game_live" args="boolean:true"/>
# 点击屏幕唤醒息屏
	<app_feature name="oplus.aod.wakebyclick.support" args="boolean:true"/>
# 实况照片支持设置锁屏图片
	<app_feature name="com.oplus.wallpapers.livephoto_wallpaper" args="boolean:true"/>
# 全局AOD
    <app_feature name="com.oplus.systemui.panoramic_aod.enable" args="boolean:true"/>
# 分离样式通控面板图标可变形
    <app_feature name="com.android.systemui.qs_deform_enable" args="boolean:true"/>
# 电话触摸分享与屏幕共享
    <app_feature name="com.android.incallui.share_screen_and_touch_cmd_support" args="boolean:true"/>
# 游戏在开启风扇模式下火力模式
    <app_feature name="feature.custom_heat_game.support" args="int:6"/>
# 键盘NFC分享IOS控制中心界面
    <app_feature name="oplus.ptc.nfc.ios.settings" args="boolean:true"/>
# 游戏助手旁路供电
    <app_feature name="com.oplus.games.show_bypass_charging_when_gameapps" args="boolean:true"/>
# 侧边栏声音分轨助手
    <app_feature name="com.oplus.smartmediacontroller.lss_assistant_enable" args="boolean:true"/>
# 游戏助手夜晚护眼
    <oplus-feature name="oplus.software.display.game_dark_eyeprotect_support"/>
# 游戏变声回录
    <oplus-feature name="oplus.software.audio.magicvoice_loopback_support"/>
# 游戏支持vulkan渲染
    <oplus-feature name="oplus.software.display.game.support_vulkan"/>
# 游戏助手色彩增强2.0
    <oplus-feature name="oplus.software.display.game_color_enhance_2.0"/>
# AI游戏辅助4.0
    <app_feature name="feature.support.game.AI_PLAY_version4_mlbb"/>
    <app_feature name="feature.support.game.AI_PLAY_version4"/>
    <app_feature name="feature.support.game.AI_PLAY_version4_audio"/>
# 全场景旁路供电
    <app_feature name="com.oplus.plc_charge.support">
    <StringList args="true"/>
</app_feature>
    <app_feature name="com.oplus.fullscene_plc_charge.support" args="boolean:true"/>
# 反向充电
    <app_feature name="com.oplus.reversecharge" args="boolean:true"/>
# 微信视频通话功能增强
    <app_feature name="com.oplus.mediaturbo.wechat_videoCalling" args="boolean:true"/>
</extend_features>
<!-- Timestamp 2025-03-25T10:06:02 #633863 -->
